f_id,i_id,EMNA,PSO,RandomSearch
1,1,0.6185145873294136,0.6663147718647711,0.39399886112119153
2,1,5.08172893804681,4.450688776632671,3.5413284223087254
3,1,1.712432180531799,1.780162811414837,1.5249840202669438
4,1,1.7062933549217578,1.7401393197889061,1.6201658093927727
5,1,1.9026563014177778,1.329090383675498,1.1846335089413476
6,1,3.708465566867349,2.4084362640203105,1.1970783203797186
7,1,0.6752225400636954,0.8582164001137969,0.8119073736613406
8,1,2.528054919752814,2.8245095371056523,2.093898800471235
9,1,1.1684582182421162,2.741608050680294,2.0806585217711637
10,1,5.296060805059571,4.935330060092092,3.6855022015584775
11,1,4.491018629138223,2.9389227699973457,1.3632555361680843
12,1,7.110662567849478,6.749688585818767,5.827917460185878
13,1,2.7236913620513152,2.6502821828258596,2.181640570174905
14,1,0.7440156941577589,0.5978806551389013,0.2865734245524267
15,1,2.2338150550488853,1.9560496423029272,1.542869085846034
16,1,1.1170477178526377,0.8528229091492878,0.6809225330316987
17,1,0.7767806194759637,0.7433001292217059,0.48937141823212493
18,1,1.3899871798555592,1.388318118378455,0.9494543104878572
19,1,0.25517712676518745,0.5844326191481666,0.551622981616263
20,1,0.5738389554096275,2.2615153313487792,0.5888411803601985
21,1,0.6900539821003915,0.9098900258656666,0.4514802860095474
22,1,1.0529206834578115,1.130188203584856,0.4382115458498368
23,1,0.47205723648969905,0.40154094740726587,0.3620902296705906
24,1,1.5259220166738856,1.626213191142226,1.5106849618691143
1,2,1.446915515055232,1.1479324836098592,0.40026073597598966
2,2,4.08310623808827,2.74254068607019,3.6136398029825725
3,2,1.8631896713191431,1.8208402562334585,1.5322847806255215
4,2,1.8499164139702775,1.90415098577736,1.6471187578998496
5,2,1.900033552386635,1.6194406272109214,1.1752409261184276
6,2,1.7634314728093585,1.888112010426092,1.230144396510081
7,2,2.1595657765769776,1.6410373665947051,0.7556847067948549
8,2,3.2974740337386255,3.0054238712095374,2.161947313757233
9,2,1.0158276606311551,0.5879471869029056,2.105982185265679
10,2,5.590047017798134,4.793630522285892,3.6557859250118443
11,2,1.4641522343786524,2.0779934088142507,1.4569445311403237
12,2,7.368473071006287,6.787450016399568,5.8680765822592305
13,2,2.9015570309224286,2.6524744291534783,2.1926421393633935
14,2,0.9603631138299665,0.7461764857180202,0.28470629377421003
15,2,1.8456909789317697,1.8256652024137194,1.4982316974414602
16,2,1.2336642060612761,0.853326603478588,0.4181052782882265
17,2,0.4361590955030902,0.5106432871895248,0.46503243073235057
18,2,0.8371260576119303,1.0092138778330715,0.6386218920981974
19,2,0.2613508029406611,0.6227144101770357,0.5530157840408052
20,2,0.5476750025820369,2.0734715836133035,0.6025563548345356
21,2,1.081255210489216,1.0735060584877627,0.4556934559606465
22,2,1.498041689424223,1.1472978117359527,0.47687881409292787
23,2,0.505897701493504,0.4123819079815914,0.35143724761542616
24,2,1.5252806409661377,1.6434344928534836,1.4577759301520643
1,3,1.2371588212764721,1.0544225066910213,0.383157100471463
2,3,5.921581010323179,4.803322944750937,3.6613186514474245
3,3,2.0700743755740807,1.844987353326671,1.5166009988098395
4,3,1.9889448485557795,1.9499416432605523,1.662121425360466
5,3,1.9005589673049381,1.5308717546232937,1.1723390715087798
6,3,4.637517468401533,3.721090959832859,1.1791118454032765
7,3,2.026551624568068,1.5371518434081504,0.7389286856755097
8,3,3.1786588495805645,3.1739745812671574,2.085762373034597
9,3,1.041627934238048,1.9447511035089051,2.0796780488031485
10,3,3.5742820343300648,3.9704742004751896,3.4990190920167907
11,3,4.957153566538017,3.1972679714259016,1.3798459362178233
12,3,7.414523265045111,6.9626635384041276,5.856445925509498
13,3,3.076973190482135,2.749280078323855,2.3520007211927068
14,3,0.3954252827669587,0.45769254783147983,0.34401457869892293
15,3,1.737784342605944,1.7862920260715054,1.4959439820826868
16,3,1.1263455710015697,0.8118878300496419,0.6840660279091592
17,3,0.836398045465308,0.7825895086450535,0.48001265140882693
18,3,1.3901704218666875,1.300980608415305,0.9232298209126439
19,3,0.26045696348640074,0.5914425477686386,0.54295370266411
20,3,0.6054736359305133,2.4251241533523182,0.5906843513894345
21,3,1.1003795774906104,0.9610928570742597,0.44844143056745844
22,3,1.0280984860386828,1.206136028634568,0.56076841987001
23,3,0.5086968960240995,0.4079351215861533,0.36646243455145505
24,3,1.5270319323882282,1.6414875324330331,1.4493800681174305
1,4,1.1956254460117686,1.0136637229953462,0.3696972289482997
2,4,6.227475513620543,4.609304803445515,3.6216989990233253
3,4,2.077383930995082,1.9350533593010104,1.5269814050723496
4,4,2.0705155035357494,1.988005149354383,1.6456218503200981
5,4,1.9036506310678694,1.5151414779103671,1.163624147878905
6,4,5.377380038648466,4.740093366971422,3.4006436221668785
7,4,1.7542174826134989,1.610907349663034,0.8392297790250816
8,4,2.9340550115432387,3.014083690514584,2.090906969212882
9,4,1.1467680342403141,1.9727585317187295,2.1380629854536286
10,4,6.5161899048676615,5.1688533305682265,3.8466463886513007
11,4,1.499349583674871,2.005285920332993,1.5289460668207304
12,4,7.017225486350684,6.758407237434351,5.855561995948138
13,4,2.5209084585982384,2.524734179412568,2.1839900910918932
14,4,0.6720999802670483,0.6355159736111997,0.29657589497884407
15,4,1.7253790413537833,1.8321634673926093,1.548631582140405
16,4,0.8720448891498152,0.8467150661767949,0.6516645747912063
17,4,1.0050943572440725,0.8772125574680395,0.46093595027542417
18,4,1.5296828795073159,1.4101665337075215,0.9385959166513437
19,4,0.23985321968420295,0.6539769557460435,0.5543296121942266
20,4,0.5676831117679215,2.2185962280113034,0.5910874824602597
21,4,1.304050604816916,1.0123624436477705,0.3995972141695422
22,4,1.0541064795833983,1.139636360888456,0.5194223736646584
23,4,0.5068753318537615,0.4217630671456608,0.36543418746297396
24,4,1.5194281879344818,1.596288417531481,1.4560017998757442
1,5,1.122406508902931,0.9585001675392121,0.4011202820739561
2,5,3.3034915783196563,2.479119915463295,3.621319073378613
3,5,1.9243360436573123,1.8591885921443903,1.557723825979389
4,5,1.9281651577729186,1.9347966664892962,1.6369738411529478
5,5,1.8993269888750839,1.5198159231291843,1.1606865363826822
6,5,5.128625620878574,4.025522014039037,1.1726142453034347
7,5,0.5502790643758356,1.0769025929426153,0.7736304332820617
8,5,3.443855439529669,3.2117522682704385,2.092079466391206
9,5,1.0288226153562734,1.960020670422313,2.089732586057141
10,5,6.306460273730178,4.999092915651772,3.557767288762945
11,5,1.3023333602817013,1.9763442917404168,1.5026430610144215
12,5,5.809912586290135,6.161533598749286,5.712594533413762
13,5,2.3990147805481667,2.4495292626949605,2.1812883689201943
14,5,1.098536755479372,0.8298357751800025,0.2947458732381865
15,5,1.4367480885399264,1.6009024419166598,1.525366995275001
16,5,1.0914919398091092,0.8495910235485069,0.6774498752934996
17,5,0.7172761599568184,0.6977931906353736,0.4726300992415462
18,5,1.2676516814530223,1.2316916754597953,0.8847832489119976
19,5,0.24162550320730927,0.5870381232536057,0.5408789909661256
20,5,0.5552083148800089,2.1945873277256265,0.5931253053335805
21,5,0.948471366635328,0.8893350187992045,0.4336225465782859
22,5,1.6830296614434563,1.2626006588466736,0.4590853999668889
23,5,0.49403988408185995,0.40605667385232114,0.35401434489839223
24,5,1.5133064931307074,1.6303023194840418,1.4534687792920375
1,6,0.8862464738738627,0.8974214095796192,0.4144787996548177
2,6,6.393156099582137,5.0634775660374975,3.6507898250394173
3,6,2.0147110047975887,1.8867471625932535,1.5166702630641604
4,6,1.9544878241490782,1.9026302366327859,1.6618479238273884
5,6,1.9022321266809075,1.5382810500567812,1.15724445153996
6,6,4.240452910421904,3.219021463723074,1.2723434480037852
7,6,1.683946036021694,1.5615514683504417,0.8005301003559587
8,6,3.356540993746008,3.263265124373946,2.11130180228352
9,6,1.1567637381074964,1.5963420030118838,2.106386469511646
10,6,3.4495353150913806,4.386522447997384,3.5293560876291634
11,6,1.5187472253571408,2.096872273585951,1.5114980262428703
12,6,7.421484410266851,6.993155033126771,5.8214388621768425
13,6,2.54157115315191,2.536247666296305,2.160620775969029
14,6,0.6256620195293267,0.552360972640062,0.2833868873541727
15,6,2.1706939918018766,1.911359747693298,1.5435539260561553
16,6,1.0945982092483817,0.8164283762223756,0.659605099851653
17,6,0.7068648506050061,0.7398420966469187,0.5135925094271063
18,6,1.252309844672262,1.2351059695214548,0.9056610822865562
19,6,0.2302983159384354,0.5225890721058828,0.5559636742179159
20,6,0.5840344792302115,2.19668709980649,0.5944646171076835
21,6,0.8508087146076773,0.9038471197913212,0.4301534680455251
22,6,1.3234835958820756,1.2333892007911713,0.44532409598806477
23,6,0.5004718191276019,0.39419324760710955,0.35492160768078146
24,6,1.5394081568509872,1.6350313138180408,1.4286224870457975
1,7,0.6663782041573642,0.612219501631716,0.38899124264889773
2,7,5.7713598428820285,4.600807144327695,3.649392097445234
3,7,1.1980131668156533,1.3883112992397855,1.5197040712374812
4,7,1.3708273917576344,1.5010383093922408,1.6308875001095409
5,7,1.9055541334280521,1.5333058351264701,1.1436607369249523
6,7,4.823346142812436,4.298766642277272,1.8314133685086766
7,7,1.8404931996191916,1.5674692950389346,0.7569059012422299
8,7,2.385938760404415,2.884423194760363,2.126086678841008
9,7,1.1343837546874675,1.980545578025259,2.096611642915764
10,7,6.460094708385777,4.966395026294732,3.7455707516734704
11,7,5.394864658515375,3.498745176916375,1.375353774912717
12,7,7.3384152449564395,6.76608373977407,5.780000660282935
13,7,2.5404395428813737,2.5512810477429717,2.2049350150485574
14,7,0.6219845616509445,0.5864541335162816,0.29103958559324283
15,7,1.9574072222701535,1.8687007408399232,1.5347558682232154
16,7,1.1106511770014493,0.828550410186925,0.6487628507023623
17,7,0.7702431565978758,0.7787786245122912,0.48976438289145546
18,7,1.4112232407227907,1.3001763235808568,0.9395975992286801
19,7,0.21236463466816582,0.6016409656873889,0.5247254454893016
20,7,0.597365577481405,2.1313376744129386,0.5863188255648382
21,7,1.1020068228980175,0.9229486451848897,0.40793628753235994
22,7,1.2887744167081077,1.232701717736833,0.5516597235573488
23,7,0.5244720696386177,0.38782984460245273,0.36665088191738193
24,7,1.512379513365618,1.6259514272735263,1.4596695626155909
1,8,1.192787461288,1.0114951532572847,0.4060458839316336
2,8,6.073808937909831,4.8050078857012,3.624119518558232
3,8,1.8667996527501038,1.8713052126841194,1.514298925200074
4,8,1.8962793647452165,1.8491015804917643,1.651340078557546
5,8,1.9013325568190689,1.5331216298732233,1.189289237324774
6,8,1.668132572586205,1.622324531889336,1.2060755777361762
7,8,2.2921358861474004,1.8221692669919167,0.7921314135875489
8,8,3.714122013042549,3.368088647136309,2.1324754140186735
9,8,1.1379799122590326,1.4128914205298957,2.117027950541094
10,8,5.46985733987895,4.691600214608676,3.641294232821254
11,8,3.1978417624319273,2.7776647463930373,1.60630549297304
12,8,7.867769300666888,6.924783481309378,5.864251615163706
13,8,2.846023938857694,2.6578443792308146,2.1932385389208906
14,8,0.8456857823660626,0.6778011566007253,0.2909355473395512
15,8,1.707755056626802,1.8225943780968015,1.5409957081726315
16,8,1.2318865896765887,0.8471408852873704,0.6802907965695517
17,8,0.8277077966309033,0.8114388312939135,0.4977763698338378
18,8,1.4430520843377062,1.3514884020476121,0.9144954258545163
19,8,0.2514233885929122,0.6342571078276796,0.5280920451451132
20,8,0.5885235892933132,2.1374002497777336,0.6124326600558766
21,8,1.22165401626533,0.9515305739048582,0.45143359571593267
22,8,1.7926624409121283,1.2749418996596988,0.5701917024382526
23,8,0.5169168993477766,0.4052894077832394,0.36573001810603273
24,8,1.5181294349315069,1.5866906696763932,1.4520289481992794
1,9,1.1741226048319606,1.0041035539306955,0.38488846379758673
2,9,5.336526768907788,4.42997241311676,3.636445966690855
3,9,1.7910458789040458,1.8043030632007757,1.5537478797384634
4,9,1.8129827306072142,1.8674821379526358,1.6800789673351444
5,9,1.8976916185319592,1.5441316913199397,1.155358051729415
6,9,5.23417881275602,4.590421514032474,2.3008273820831735
7,9,1.3426414688249904,1.367754803573346,0.7824239861941173
8,9,2.8085587468389908,2.998193592300253,2.0866238782580364
9,9,1.157158416521286,1.7750235748294765,2.0703946815676737
10,9,3.958897876302917,4.1213641202836415,3.5770743805268395
11,9,1.493178271904,2.015410746601978,1.5749952796273032
12,9,6.887631676063794,6.821906978062842,5.819781366209694
13,9,2.6903889806441996,2.5824845597331465,2.1705629223952796
14,9,0.514467205014489,0.5661508764153359,0.30174056329930904
15,9,1.72932413883696,1.792170257988995,1.522655878790173
16,9,1.0318427328611548,0.8575805835077426,0.6339095209582
17,9,1.059124553380689,0.9188978354146906,0.4930541884590498
18,9,1.7210618270873845,1.4617025275233089,0.9576824013827753
19,9,0.2660937851598355,0.6601535269940392,0.5478648200576628
20,9,0.5809449389699413,2.335434960372062,0.589787177526284
21,9,1.2140570738248255,1.0088502203548417,0.4293282208888376
22,9,1.4004520112921275,1.2017639624544934,0.468101207332621
23,9,0.5097910211326447,0.376478468264211,0.36821904555672347
24,9,1.460745761293302,1.6196859567933046,1.4401570624023758
1,10,0.9310237210978214,0.9174467418354169,0.3954612997731502
2,10,6.202656361545251,4.62101726941128,3.619851373344178
3,10,1.8144616633067332,1.86427644372357,1.548751609273548
4,10,1.8284742039676178,1.8528983183455623,1.6437189127578389
5,10,1.9011533737356507,1.5218471759129544,1.184225709313305
6,10,4.836309485371006,4.165593343216355,1.9121596174723783
7,10,1.2821346177335409,1.3432533755367837,0.828112540858112
8,10,2.529218776043949,2.8638588906579847,2.0337224499242557
9,10,1.1278256599153424,1.845641650766975,2.1352622451915737
10,10,5.134063046971394,4.657138285527209,3.743598399868609
11,10,5.054097737470554,3.2110730023000955,1.4605297950276315
12,10,7.0870281629676795,6.752726695152332,5.802677634194243
13,10,2.9533381234142118,2.668277081071067,2.173740776784268
14,10,0.8321253837839415,0.7070935969151717,0.2984233511544394
15,10,1.7121056714341956,1.801917256036021,1.5264915050373968
16,10,1.1598282210520423,0.8249411710887515,0.6812752331729276
17,10,0.8936055661925835,0.852075731668246,0.4819830179720165
18,10,1.439204347521193,1.363746202957022,0.9627268382662398
19,10,0.25496371612630336,0.6364650905070119,0.5440720907402201
20,10,0.5650393695730911,2.419912295510486,0.5895854057500336
21,10,1.3725857876993264,0.9803806939374191,0.47968948072115625
22,10,1.3918702252041113,1.2483939606447436,0.47790724150488106
23,10,0.36151279686123783,0.3882104070103956,0.3667382943967518
24,10,1.5182318665753292,1.624002144875577,1.4719546225892948
1,11,1.2532610459876432,1.027968792953799,0.39863667263014657
2,11,6.263293538791161,4.620810275553322,3.602454300629319
3,11,1.6142855983537892,1.7432432352489982,1.5204237426618177
4,11,1.5836833071024827,1.7001318986191676,1.6393021567737802
5,11,1.8918448300074078,1.5442305113890515,1.171392247759706
6,11,4.746808631897359,3.8555081861129876,1.172189640118826
7,11,1.6234063491330615,1.548750420764819,0.8339166161434034
8,11,2.2733513684880413,2.6735409478190513,2.081345950795917
9,11,1.156158834314004,1.8871251148640649,2.056444491179096
10,11,5.015556810357306,4.702055608663396,3.7369486181634013
11,11,6.54413241395038,4.220321894728628,1.5177815945414097
12,11,6.778237196008316,6.774603557128682,5.836373241915434
13,11,2.6084932637612392,2.5418100569096396,2.2022327164411983
14,11,0.3951291942595347,0.5685404655242042,0.29896133874392533
15,11,2.1834681848748883,1.9357847575884535,1.5238553591612178
16,11,0.9877096293862154,0.8145183185574177,0.6316722642734771
17,11,0.925004770796943,0.8918976158824171,0.5115709284602689
18,11,1.5392998739916106,1.4712032710473375,0.9553130329516335
19,11,0.22727419103613689,0.6274652137914464,0.5429272603846446
20,11,0.6673270303192668,2.287522681357632,0.5953862194688335
21,11,1.1777855127444434,0.986569693936876,0.45741099105045135
22,11,1.671255055496789,1.271383409528609,0.5086271157303845
23,11,0.5106326937200859,0.40168784304652116,0.35453359009381785
24,11,1.5059198166864194,1.5943180187179038,1.4622236654737557
1,12,1.2115981325407514,1.0302766529837333,0.4064113171621116
2,12,6.297771561260414,5.055566796694156,3.692134515601467
3,12,1.8056416002219196,1.8416963300310993,1.5471559363533482
4,12,1.8390664832896786,1.8189593972941211,1.643657203619043
5,12,1.894259208153298,1.5139632700066188,1.166403281060091
6,12,4.721648231128937,3.593585799146055,1.2420965101210286
7,12,0.5901661281715358,1.0668594529991609,0.8707784932646896
8,12,2.448094503134434,2.8257117053418463,2.1075392497317074
9,12,1.1007874148213164,1.6829543147121098,2.0362249988203964
10,12,3.4967276614620126,4.023504901672322,3.517586547205441
11,12,5.835915022192472,3.808014689153463,1.5513342724371164
12,12,6.430113155963722,6.537893410726466,5.717561401788644
13,12,2.907285979465364,2.642967602752514,2.1962970692221835
14,12,0.6850821917855375,0.6502981051672427,0.30535541032169145
15,12,1.9196811267221754,1.8935895018748374,1.5148080841452263
16,12,1.2090404477061398,0.8656090293589989,0.6947651006076886
17,12,0.8227867416232449,0.8353480670433182,0.49453894906727636
18,12,1.2831863558776297,1.3389654177009709,0.9579558593917888
19,12,0.2194829747092092,0.6561335082975989,0.5225423589506918
20,12,0.7553121856455121,2.2290183523661016,0.6090478838272705
21,12,1.2001035841850178,1.029461321411641,0.44532277391050146
22,12,1.2799869621105273,1.201309588012636,0.54017135215133
23,12,0.5204823799178571,0.4126649522853214,0.3776395412323575
24,12,1.5675325208290458,1.6059139571249446,1.4463540301696876
1,13,1.0346551303512201,0.9121019654092082,0.4178668780609973
2,13,5.244022928500035,4.545657838409756,3.648268735110875
3,13,1.8165014193670506,1.822528091620249,1.5286860572069736
4,13,1.8203473200575877,1.8123073041356736,1.6302632999925262
5,13,1.9013001872152304,1.4706126703535065,1.181100195134622
6,13,3.921235474653172,3.2648315574145736,1.1956996879228092
7,13,1.0926483423478488,1.1730814965981011,0.7404924926672387
8,13,3.210277222896485,3.072050325665767,2.119272526712823
9,13,1.0269204950464905,1.4249316641039098,2.1103247835210537
10,13,5.423716213293827,4.772515699824326,3.695106558639692
11,13,5.789403394506627,3.5352798968122015,1.529341902255439
12,13,7.1303319885764305,6.80190032501215,5.81948744073669
13,13,2.3549543085317617,2.4363806535234094,2.1781044822674014
14,13,0.8394860303579421,0.7230072702185395,0.30349079441912996
15,13,1.7509606430749851,1.8371555562809954,1.5477531426321653
16,13,0.8586175944679454,0.8023473513381347,0.7613638611930033
17,13,0.8698912675401786,0.8537252218961355,0.49013844199435397
18,13,1.349683473155826,1.369303589180645,0.9711533509776875
19,13,0.24690436233604174,0.5676482827571455,0.5485069616078295
20,13,0.8744977769142419,2.125988373638623,0.5824797779289688
21,13,1.420040680784491,0.9426552626673236,0.4555760974837676
22,13,1.111003420656314,1.1160143850727864,0.5667362718879652
23,13,0.5265182857655886,0.3974029643077067,0.36085597923448115
24,13,1.5237400398176162,1.6022988783573444,1.4452292641355924
1,14,0.5767226125712326,0.6315714610291949,0.4056749497637607
2,14,5.563085559832493,4.739537184714746,3.7387721371662717
3,14,1.8109811380223015,1.8512392449912214,1.535411380376308
4,14,1.8225656526033391,1.8467767074167407,1.6577371988216256
5,14,1.9000602111472802,1.5294014912542264,1.1946597596777087
6,14,3.4725922568796452,3.367689037330025,1.2042881588726566
7,14,1.6715208075846202,1.4269337778683089,0.8317201224006244
8,14,2.7737658139078682,2.952180817139568,2.128858108664764
9,14,1.137809211944558,2.113796828015804,2.1348779478062268
10,14,2.961353242893815,4.076249701986964,3.5855501220554555
11,14,1.1695237813684511,2.2697202856906857,1.5137054142412625
12,14,6.859729704965316,6.470467621182983,5.767083509931527
13,14,2.780045816373366,2.620136246201991,2.1969564391849334
14,14,0.6484197731280983,0.5984179854519034,0.31315063592067177
15,14,1.9231099211462799,1.839833607332938,1.5224776175233403
16,14,1.0705283181455674,0.8406111283088362,0.39929527688983646
17,14,0.9506912346936687,0.892136743442122,0.48849154995014726
18,14,1.533808297902443,1.3939268738014803,0.9358649676479642
19,14,0.2382342655720192,0.6032583560811584,0.5419912484519767
20,14,0.6181456197678995,2.230639275021669,0.5945308561267648
21,14,0.9960210516581505,0.8957482015857661,0.4291114594467309
22,14,1.5662455264530473,1.1793657492059104,0.5425129566821235
23,14,0.52096183781144,0.4148219621791202,0.36097082577761475
24,14,1.5125438966125744,1.6252426601641068,1.470889566542784
1,15,1.2406717190898018,1.0693184718307278,0.4116340706081811
2,15,4.530423188369841,3.9322782120212607,3.7446903581763147
3,15,1.937415100008501,1.9058221261978334,1.5558368234886177
4,15,1.959013230212782,1.9667669462548492,1.6327354643924106
5,15,1.9044233251024774,1.531040001785714,1.1797594994923664
6,15,1.6254794557053693,1.716065020984327,1.164412535701521
7,15,1.779604564547093,1.5325362886049199,0.7739819430255792
8,15,2.3122957443139516,2.4772433545356223,2.0942371328521037
9,15,1.0983336031385353,1.4144787339886833,2.0730654609951458
10,15,5.138518992333048,4.57296349892274,3.5015668390939783
11,15,5.2773292586417115,2.9818311738419787,1.4964489505746499
12,15,7.1548398935959305,6.82609526887709,5.7847375171632835
13,15,2.81190453839762,2.577610767890158,2.19237326580199
14,15,0.722466270904822,0.6829453251952784,0.2957091290715863
15,15,1.939755668117401,1.8805199627714702,1.5287185567746253
16,15,1.1932835546794505,0.864531341669058,0.6775175699450915
17,15,0.8201750133468725,0.7820746725295297,0.49217523474316516
18,15,1.2940882927363435,1.228917536994818,0.8623373361394561
19,15,0.21021663301506197,0.6114836941174779,0.5034817386823198
20,15,0.590448929620475,2.1617439631147906,0.6082071289586777
21,15,0.8725088693341896,0.9615538181829485,0.44616262349517155
22,15,1.729472580252584,1.2953771491535744,0.5336368807364256
23,15,0.5034723052403602,0.41110110271279765,0.3600982328362737
24,15,1.519384320378436,1.593273323118248,1.4342161039065655
1,16,0.8224638288530557,0.803467497271779,0.4101824435537157
2,16,6.251793095437652,4.986622272245265,3.6452890673049048
3,16,1.9815480793573588,1.8988917241575205,1.5679013757889348
4,16,2.0077961128188466,1.926415610984442,1.666903878390629
5,16,1.9031318648701268,1.5170957938860823,1.1771903101820604
6,16,4.694231544673537,3.3528185165517885,1.204944506168582
7,16,1.563501603475389,1.4480763756714181,0.7337637186812808
8,16,3.2290162610487823,3.156192534782972,2.083751450630586
9,16,1.1039500910612903,2.0068308470382714,2.1160470372697513
10,16,4.987052303240376,4.592199266764357,3.5964336435730866
11,16,1.4073663114818606,1.9578620096476727,1.4422818497460992
12,16,5.625637105984288,5.952912139660964,5.8301599645083915
13,16,2.380462299564792,2.374112431712803,2.1728788004635797
14,16,0.7967840003094785,0.6593013041772757,0.29075440778241374
15,16,2.251909784339434,1.9415103167726186,1.5225327651047573
16,16,1.1687815788898588,0.82864782352011,0.617673051708266
17,16,1.0832539561633272,0.8835972659001344,0.48900669364260496
18,16,1.7214020389956628,1.3881250161117953,0.886922578360912
19,16,0.2595136068755638,0.5854290271640262,0.5288740716016753
20,16,0.5758006443440511,2.399070939583853,0.6060509490322616
21,16,0.4672261286795011,0.8812996683159211,0.4083125197676231
22,16,1.4704816279790303,1.1344393918153906,0.6045175838611473
23,16,0.5514287125047463,0.4085527488799554,0.36488003612304976
24,16,1.5125352522329487,1.656320950507599,1.4518850962551506
1,17,1.1282311351338434,0.9756583923064426,0.3895926946275245
2,17,4.7971750111671705,4.202705938229691,3.609529547071823
3,17,1.8579197731857353,1.8504237146803957,1.5065420200878423
4,17,1.85547673275545,1.8947590187835244,1.6331994367467175
5,17,1.9000967189220237,1.561830013387781,1.177145549163914
6,17,4.22316686704574,4.126541118553438,1.3080871919010135
7,17,2.846906997088581,1.7028196476131585,0.7621450062605978
8,17,3.3350004533853252,3.181482048570166,2.0868739064547337
11,17,5.921900709577244,3.609127004063538,1.4451988767789181
12,17,7.697211479260182,6.905631207406434,5.736194330951949
13,17,2.0346618852141134,2.3027887357190844,2.172085483995455
14,17,1.3194763689789877,0.7707757412467892,0.29211664852219166
15,17,2.0405935345109736,1.9032338521726928,1.551801960557624
16,17,0.4525804586656975,0.8276426285497535,0.6682421284621761
17,17,0.7300251595236111,0.752024509463411,0.47890807022045845
18,17,1.3350041405554942,1.2503851857247452,0.9072826301976523
19,17,0.25722569692520986,0.5524914321725782,0.5205810697060094
20,17,0.6110006373834905,2.220628615930246,0.5972483867662215
21,17,1.00373722499416,0.9653309362581607,0.4102598659327155
22,17,1.265148517800279,1.0936363519324739,0.4551221128621631
23,17,0.5092854598601837,0.40688720371642195,0.3645455928868662
24,17,1.4964726957818777,1.588848370651696,1.459191567707661
1,18,1.2099463203218432,0.9965063080300369,0.4007283910308872
2,18,6.227110825048306,4.8452918165816,3.608024960757785
3,18,1.676011868780196,1.7289841914039956,1.5186119422875395
4,18,1.7043774802566563,1.7518941592208588,1.6490188602541154
5,18,1.9030870553365058,1.530188783514242,1.1875002897375848
6,18,4.73195219953942,4.006502373531095,1.1961041813201077
7,18,2.0026493865207726,1.588674960296653,0.7863104818562539
8,18,3.8593670085481975,3.3894387625533486,2.0985572230765595
9,18,1.071867798256189,1.6345197412637744,2.0915811305700687
10,18,4.705506767624061,4.508509580411566,3.566927194261775
11,18,6.281272289187503,3.9467057776306165,1.450468500544526
12,18,6.231710002626655,6.315141140118106,5.715932139525931
13,18,2.5687187671707843,2.523392990412278,2.1949086665441198
14,18,0.8053897355609951,0.7183212474419336,0.2805190663157378
15,18,1.767501990472428,1.819330414571519,1.516992112445839
16,18,1.175849075897657,0.795984988121179,0.6827009471150215
17,18,0.8088196204870185,0.7813753607628531,0.49094854517132036
18,18,1.3362125932260183,1.3626290697265553,0.9485454875279615
19,18,0.2426171566784472,0.5608153411021417,0.5489549635882566
20,18,0.576477261758525,2.385023902626375,0.5779765612538073
21,18,1.1396188815087682,1.007707200407364,0.4232408565620188
22,18,1.2333790762336292,1.2058761929629151,0.4953816165864372
23,18,0.49913320995190175,0.41760854303902295,0.3603523560212348
24,18,1.5110555673545552,1.62267349643865,1.4499394086117823
1,19,0.8213053292536016,0.8711042245889337,0.40207426764929055
2,19,6.098837079932038,4.781092793835958,3.6239289706068547
3,19,1.8598189094220954,1.8593482724859869,1.564938556930717
4,19,1.901251142339912,1.8873988397800205,1.6407391437087906
5,19,1.9102133215465316,1.5614905291926413,1.1669252526527791
6,19,1.4882852106847526,1.8806321282680043,1.2082911001199235
7,19,2.0011693195903675,1.5966472796105993,0.7840496771960447
8,19,2.0806854743246035,2.549399374458858,2.0763168874260325
9,19,1.095896855377927,1.900633737678343,2.068940875313703
10,19,6.123668746105552,4.776925416386772,3.7370045831004024
11,19,1.4751676831826774,1.9539134966189113,1.512537117426593
12,19,6.529939644489392,6.531552117020962,5.880207210640053
13,19,2.5550779675740527,2.5165706394794163,2.191678124139047
14,19,0.8564720037931703,0.7942257194664043,0.29115952225545827
15,19,2.0352445794997736,1.9177010928908178,1.53863572904859
16,19,1.0810449929044892,0.8644358516426152,0.6651607035652319
17,19,0.7802434994488857,0.8036348697962526,0.479511085636297
18,19,1.2272314192257692,1.3034346572131785,0.9257327564811817
19,19,0.23769562292318097,0.526386080226892,0.5407007729299661
20,19,0.5595456003746122,2.5963040505250565,0.5873891993199334
21,19,1.0799021308123709,0.8957888262147184,0.37929751979280946
22,19,1.5067061534737727,1.1472471021932356,0.5693040974505583
23,19,0.47820955542861054,0.4144738140968305,0.3874153403348998
24,19,1.523996167635458,1.6262585817994937,1.448742426242978
1,20,1.1851739923752558,0.9952236940477032,0.41365905085016014
2,20,5.18496413701684,4.402322665052938,3.6278180192648914
3,20,1.736173583673189,1.8224419003279495,1.5276514448557175
4,20,1.8109392368390407,1.7819413460188722,1.6314108172252233
5,20,1.9041807207617332,1.5412776798326542,1.1509119241296684
6,20,3.8288249303147106,3.4142950644176233,1.177325517422477
7,20,1.4543169364093473,1.3219889977920705,0.8157426188646307
8,20,2.910679872704378,3.0622342419656077,2.1365658673011176
9,20,1.0775783585647616,1.9734092911774197,2.0938414003545542
10,20,3.4526475199112285,3.9781957269846444,3.574040759262452
11,20,1.5350412880666038,1.9107200178328612,1.5624850473179646
12,20,6.925922313821494,6.76524558310483,5.782050977421378
13,20,2.9785186409378737,2.701633366704642,2.197117889720226
14,20,0.5537342660561697,0.6027071666404901,0.3055324859350582
15,20,1.703657115406565,1.8065767857429447,1.5316328047508214
16,20,0.5745323214881861,0.7841685136632722,0.685499959024242
17,20,0.8249532402571974,0.8649382809378425,0.4965678170821986
18,20,1.4707784334586296,1.4145300766109083,0.9699514082086378
19,20,0.25244097471476024,0.5949946418559937,0.5280712887198387
20,20,0.5627709167153396,2.491851862253025,0.5916628219419011
21,20,0.925311912630324,0.9802446791019807,0.4523380911955349
22,20,1.2426464611071173,1.1804574627577653,0.5396633327482045
23,20,0.5034166443290595,0.3896292943804167,0.36754733553589114
24,20,1.4901246099616845,1.5939876340505696,1.4538055166566508
1,21,1.2225644643934663,1.050436613909209,0.36081855090271475
2,21,6.476144927635974,4.756638773954495,3.6607137365336126
3,21,1.6295107053799442,1.6846495828520904,1.5129888806063136
4,21,1.596559418523119,1.5364181313395089,1.6614010850593028
5,21,1.9021653173516173,1.545244269368731,1.1695674197459658
6,21,3.9990306054578406,3.7095955651322083,1.216832029426357
7,21,2.0962220942821213,1.7487435681944277,0.8065453913530897
8,21,2.2308377678511606,2.5879907260127424,2.080804723862601
9,21,1.103463406815621,1.6775932308815555,2.1185295302200617
10,21,4.515447058188358,4.441803972946252,3.568353933960862
11,21,1.156802822391386,1.9400801602085815,1.466570863091368
12,21,6.930672816573346,6.7320542677312245,5.84865812770507
13,21,2.747820603258738,2.589653443145435,2.1810095839628403
14,21,0.6251730660182914,0.5873013809788175,0.30196020629350323
15,21,1.8845624846999915,1.8987813452149314,1.5360944701459796
16,21,1.0629126222575975,0.8443347600074417,0.6675095623673267
17,21,0.9561648468263345,0.8412657949435581,0.48398476734333296
18,21,1.5512611301694788,1.4507181132080518,0.9603103347446452
19,21,0.22751789685150703,0.5571844452491456,0.5445862708220925
20,21,0.565499700061635,2.235426250628498,0.6002032053407866
21,21,1.3180955146614088,0.9967314152849481,0.45121352829691735
22,21,1.473532984448636,1.1358682017044786,0.4583531605027576
23,21,0.5131384556223157,0.3977146509104011,0.36666749631090784
24,21,1.4983029390914122,1.548271801697257,1.4598184463742299
1,22,1.2569221446771863,1.0658960977069456,0.4041097251790011
2,22,2.7938743477554535,2.4435495659348594,3.610434681933413
3,22,1.7080560731306458,1.768817992273614,1.5147747427849203
4,22,1.7510354180155885,1.7940029003473512,1.6333608044184023
5,22,1.9088592792020567,1.5417311490738008,1.1512204476371175
6,22,4.57302875764289,4.48526432661245,3.589253787172444
7,22,1.8900052334829351,1.516316044328314,0.7797159022299169
8,22,3.1723858590215257,2.9941227187673034,2.0964839547148304
9,22,1.09614348459186,2.084053065880518,2.071741369649591
10,22,5.203140858622392,4.64748507031588,3.587639643772096
11,22,1.3559740353483696,2.056421596710183,1.5152991050164166
12,22,6.9296976490957976,6.688930526072466,5.70736752946235
13,22,2.117892586632405,2.24073338196466,2.1932009691659773
14,22,0.5483805990891034,0.5918654611606616,0.2881149528771988
15,22,2.020269577654432,1.9339538111836267,1.5824382424812282
16,22,1.1954226873603024,0.824649632094966,0.6827490358631915
17,22,0.6512765874371137,0.7288821204633736,0.49057326288783354
18,22,1.1120758406053524,1.2442675620362502,0.9171294437911988
19,22,0.2803442207005086,0.6248109455493457,0.510485439937803
20,22,0.6506795112883653,2.2315138652119715,0.6040067926098
21,22,1.137749655165821,0.9920624223571148,0.44423472291654464
22,22,1.4596543241369715,1.2650389776466886,0.45376826392433955
23,22,0.48542025512830245,0.39799088097945173,0.3581345248572476
24,22,1.4993628324819581,1.592916837895237,1.4521789531683857
1,23,0.8879777738741873,0.8474874613865204,0.4272244986981777
2,23,4.114750636663693,3.737179089113477,3.6582372574140916
3,23,1.6742468723966843,1.8089370478840126,1.5366412161886502
4,23,1.6943692026145667,1.8004606470168398,1.6667278127848573
5,23,1.9052830038409703,1.5330968881462765,1.1776054542623087
6,23,5.151601524342401,3.5063113648367596,1.2071312523325282
7,23,2.40068264823714,1.6747791464567512,0.8238777239554519
8,23,1.31913498248907,1.970732722181001,2.1738901529789803
9,23,1.1084327274248684,1.9000456776078298,2.1181280247691667
10,23,4.074082445397712,4.1620463600630595,3.589962641122663
11,23,1.4024218926312118,2.07032480022928,1.4813141330269235
12,23,6.452421078976486,6.5107289452245585,5.774415637073956
13,23,2.651454859981963,2.5451087835152113,2.1690731881659
14,23,0.7161434015036281,0.6277126985516215,0.3206990811532478
15,23,2.095195463136423,1.917723845785964,1.5267390482696346
16,23,1.210605098992064,0.8320731097464396,0.6729668680075571
17,23,0.5680827897931418,0.700969678973432,0.45890978957196216
18,23,1.2238805203848742,1.2710094704840487,0.9107846647098643
19,23,0.2598576767849191,0.5936294115391525,0.5178855384266803
20,23,0.9375293834339123,2.508156092097392,0.5880965042356738
21,23,1.0213298211967878,0.9561206104447114,0.4648178941269248
22,23,1.756022475590017,1.2006212436284849,0.4792492943001628
23,23,0.5107270794025477,0.3882353992891791,0.35840306756053164
24,23,1.5087164765978684,1.6052484026042286,1.4654299855606854
1,24,0.7522470267948048,0.844438081900106,0.38057211642577254
2,24,5.04815538756803,4.2573486212764795,3.583546013168381
3,24,1.8923178179540534,1.8503253861938649,1.5225350429339888
4,24,1.9006620836036388,1.88836504655218,1.6453672161374528
5,24,1.9057169428528062,1.5090659463179408,1.1835478067857965
6,24,5.044328732953737,4.4822829892413,1.825946434021663
7,24,1.1811624464022112,1.228167545387212,0.7570354396052046
8,24,2.46172595102359,2.877584485543859,2.1273446926058446
9,24,1.06036128225357,1.9570912122198376,2.0612374095657326
10,24,6.3324339230601545,4.900887633020023,3.5484905564563483
11,24,6.516562614809877,3.881140466386891,1.6026316075231295
12,24,5.852777652593765,6.176511716663696,5.818739100837727
13,24,2.6825584014197217,2.608969917403156,2.20501308302395
14,24,0.9676370458354575,0.717297429683277,0.294373309880587
15,24,1.8442870599877204,1.8890831024490313,1.5226888160106071
16,24,1.1100318388349493,0.8331782155456213,0.6921310979255265
17,24,0.7119664301708551,0.7005778669346865,0.47368419288295016
18,24,1.1645472953623555,1.125863808271966,0.917533445826461
19,24,0.2555322113029508,0.6437047981070424,0.5477724051536796
20,24,0.5651350296161275,2.2349405733605905,0.6187200208821435
21,24,1.087057739752025,0.9817526489139055,0.4527943183266271
22,24,1.404352769797335,1.275945950241325,0.5340813233870334
23,24,0.5034773531827054,0.41296122874058383,0.3671078919217351
24,24,1.4993520211952782,1.6075424912706293,1.450730297413949
1,25,0.6200003359772797,0.7028307975288852,0.4006454245854041
2,25,4.070631528871639,3.580541082021386,3.6651107332284
3,25,1.6193805419802842,1.7106703862241417,1.5303579850457232
4,25,1.6392478571734541,1.7600016041870983,1.637233642766456
5,25,1.9006279860747688,1.5214156880573138,1.1576478294189092
6,25,4.357507065883777,2.5774382641940314,1.1712393574804496
7,25,1.9648512260957607,1.5782425650947036,0.7959701488860367
8,25,2.3805249633207324,2.7295471484103393,2.102035306325285
9,25,1.1245166437601106,2.047414693268469,2.0985927420541235
10,25,5.716344142168027,4.997258555442426,3.680246959589841
11,25,6.187652603498099,3.822743563644118,1.5187488255506985
12,25,6.937175027282742,6.6869490887127965,5.735183768810553
13,25,2.4283599241041873,2.411212890313607,2.206306009432349
14,25,0.6125797111401119,0.5990780411057538,0.28854876599723067
15,25,1.7618958244459135,1.8072772683140677,1.5459980222056626
16,25,1.17704526297691,0.841737523853502,0.7089268350769067
17,25,0.808923218090536,0.8139617917999329,0.4895390390042237
18,25,1.1151952603129192,1.271707286353963,0.9314974158821754
19,25,0.2130341729276334,0.5630809509127905,0.5239027508142611
20,25,0.6470014535845624,2.369834612985091,0.6088428044807946
21,25,0.37017333428812504,0.8641045241754887,0.45979296928930247
22,25,1.273460528500789,1.1460315820966374,0.471967520230441
23,25,0.5056785537769589,0.4262042848953067,0.36781504470424603
24,25,1.5100026260208648,1.6525509990988043,1.4731882753511116
1,26,1.2958715662613147,1.0994997717268085,0.4033607882680037
2,26,5.153448928190476,4.291800058748786,3.622230119300797
3,26,1.934636802885348,1.8523233340891523,1.5153894980457745
4,26,1.9331307180811108,1.9336459545879894,1.650270100994983
5,26,1.9037125958941659,1.5273072661423355,1.1505237207487617
6,26,3.984901787519242,2.834826731616177,1.2001618655817035
7,26,1.422008632877265,1.430044767025562,0.8181725558932905
8,26,3.1480800401138618,3.2316472992567515,2.1559562876420637
9,26,1.0787050999511727,1.8056871394660883,2.106816497522129
10,26,5.313333813098589,4.585879183108864,3.628919226838907
11,26,5.8263243727489185,3.3617060654055475,1.5219527780836142
12,26,7.431230668119222,7.03726739318103,5.898630304697745
13,26,2.6048274369034172,2.564067288248546,2.193654333702383
14,26,0.6036829389832191,0.596894488143496,0.2906938697947081
15,26,1.9167758141761466,1.8443246420080117,1.5396700872445246
16,26,1.0243908155721766,0.7899164105752081,0.7130417060678259
17,26,0.738181743421755,0.7784915957515018,0.4944455353896543
18,26,1.1898780310202643,1.2143434594013227,0.9285253327970479
19,26,0.2243312413669774,0.5321753594494218,0.5300933880439366
20,26,0.5767506849208712,2.2066963401257227,0.5815226854254856
21,26,1.2427122957249321,0.9268112105333922,0.5000826420763634
22,26,1.317205335581055,1.1512780916094445,0.5677300887983454
23,26,0.5033676234122835,0.4100157632894803,0.3590981860050106
24,26,1.5224060395074988,1.6107211385106794,1.4263855061061448
1,27,1.0444070584738394,0.9426697446394592,0.40059375766884103
2,27,5.301112514842907,4.313905997394804,3.6177907770478743
3,27,1.916173593485298,1.8713204838717463,1.5183166275675877
4,27,1.867131531110151,1.908858357130239,1.6479655766200016
5,27,1.9049753173579966,1.5302541683359563,1.1560955279660263
6,27,4.248455561491466,2.1064453096056237,1.2385440302634172
7,27,1.8545841418765265,1.6462683378877587,0.8276551698673261
8,27,3.2469514284385617,3.1493094035190135,2.0006498133809325
9,27,1.1040898003760455,1.734229827135492,2.109156711599403
10,27,6.812897798157867,5.47412305273669,3.877526095574326
11,27,2.1279011206708707,2.568354768781832,1.5632198723555273
12,27,6.829205095110373,6.499904046976528,5.78980531437667
13,27,2.9254088740820294,2.6396587325082006,2.189304246703285
14,27,1.1424261637017448,0.7285100595061528,0.29280531482612854
15,27,1.8378553374957434,1.8306680186587598,1.5284714329312872
16,27,1.080271977952452,0.8932022715530775,0.6682315459436965
17,27,0.4401144809499151,0.563611672510231,0.4880054914178287
18,27,0.8113750765041094,1.0318507129700798,0.9004982675649408
19,27,0.23266328913958206,0.6468348408240168,0.524070128838408
20,27,0.583891501926912,1.9551040982620966,0.6037847792573207
21,27,0.9915805137927339,0.9101036304198185,0.46854109699204727
22,27,0.9932399341823233,1.1538555878860546,0.4778038822070525
23,27,0.5113385260346905,0.40680172800261866,0.36593065952132897
24,27,1.5053275478253019,1.6380889046611677,1.468676622379726
1,28,1.029366095658361,0.9640589467001665,0.3958377977590029
2,28,6.011313319942978,4.728193069934101,3.633206993000007
3,28,1.4302985050989239,1.5694904775686171,1.53445968612886
4,28,1.4997027064764763,1.5360836092403225,1.6406386903981456
5,28,1.90822693172995,1.5598620784232344,1.1700429062631361
6,28,2.4932146879649535,2.2492688897464435,1.187864996134419
7,28,1.9906846743700508,1.5641002122119065,0.7408346229450284
8,28,3.2073911240653192,3.115807776500911,2.105967261472965
9,28,1.0710731510227562,1.4786737057244048,2.1356525147941663
10,28,5.120754947139977,4.7141197347034,3.5776826289648427
11,28,5.4577910692199385,3.1792779427262396,1.3952135641787349
12,28,6.934287614557556,6.7609668699366114,5.793917415019904
13,28,2.5054367052181923,2.5016126640111427,2.178201124716743
14,28,0.5946117019891817,0.559684542136647,0.31316328675093735
15,28,1.219404602029046,1.4460919977655196,1.519158011460267
16,28,0.9875770861610749,0.8619994494650846,0.69032726341267
17,28,0.7723289711915,0.7526106276108839,0.47771503294430795
18,28,1.3767987878350814,1.3160816458751228,0.9514651285234689
19,28,0.23396543494291958,0.6295475890855297,0.5526509328359361
20,28,0.5767440792400144,2.35178314309002,0.6036956146477038
21,28,1.1532593467390573,0.9938333295582658,0.493022033827922
22,28,1.498598740861262,1.292400943119514,0.5296802522343924
23,28,0.48637387004143523,0.40618594496400734,0.37163337004330155
24,28,1.51655943209943,1.6095307464394777,1.4469387707332408
1,29,0.8214343686241108,0.8511352440511537,0.3959608751747769
2,29,4.380404021269592,3.9334797727541546,3.678125468314364
3,29,1.7630124548512578,1.8172243882063197,1.5389661859775656
4,29,1.8048524018257188,1.8337362831629174,1.6500059935915492
5,29,1.9015612881615447,1.528703169741373,1.180341883274477
6,29,1.409321515993037,1.6994485241720598,1.1795416544797754
7,29,1.9982277107520434,1.6744214813532445,0.8142112470839988
8,29,1.9136975646085514,2.4040621197543772,2.1034240913287094
9,29,1.1568765456367793,1.4106495785550335,2.169873980243492
10,29,5.668426854872644,4.9923073178522746,3.745398695390691
11,29,6.552537829142759,4.267402767488494,1.567263276210493
12,29,7.025305231400913,6.875602901561244,5.778813502448493
13,29,2.8183980201525705,2.6855564914657943,2.1925897785623145
14,29,0.7314350110229076,0.6818058222033496,0.29168687209530164
15,29,1.7308521200889013,1.7731662680173255,1.520941076613396
16,29,0.8404889555344943,0.8689553939096958,0.6789420355496267
17,29,0.5751323133573368,0.6189023369050467,0.4967948230348337
18,29,0.9971954374913183,1.0460769232355842,0.9473049188905578
19,29,0.2626809865911373,0.6338104387668582,0.544822054634772
20,29,0.620544353222836,2.148613893026279,0.5790511259495056
21,29,1.1968429691567644,0.9064653327758556,0.4376334427221783
22,29,1.6150171430919005,1.2486082334645223,0.5095420743814155
23,29,0.5102446815118195,0.4043975759333922,0.36578227158016846
24,29,1.5018719265857585,1.5731670494320893,1.4593376672795215
1,30,0.7314818309367253,0.6892493826484685,0.39533387074608617
2,30,4.685564692133869,3.7214560085263417,3.6030305273645995
3,30,1.7588690672351026,1.7929379775670222,1.5158132002566043
4,30,1.804235525615795,1.7994169549236252,1.6493195606275755
5,30,1.9073750001752576,1.5272169226279813,1.1659680666484333
6,30,4.2839985505069045,3.0886786425954793,1.2073138259096192
7,30,1.0446309890703867,1.29032650203635,0.7874472171307056
8,30,1.944303611862424,2.4368147106342803,2.045000048562552
9,30,1.1700200588046852,1.6818469253623851,2.0850309732794874
10,30,6.581496177766113,5.407444326032297,3.7949959913919504
11,30,4.158612042772714,2.592563333086762,1.4067482346411793
12,30,6.297129303971446,6.443254791646496,5.720899346517613
13,30,2.9022343741655585,2.7190796862340427,2.2421832286041825
14,30,0.5936525102791044,0.6201928869681522,0.30783318256359243
15,30,2.0496001790222995,1.9196175690371284,1.5144445945907177
16,30,1.1033137096880994,0.883458929614462,0.6769465609612318
17,30,0.7358143633977274,0.7615234468354313,0.4721139770958164
18,30,1.2885359955877476,1.283463224523254,0.9368999440790358
19,30,0.24888708550378608,0.5995058286401369,0.530988200413163
20,30,0.5708004297096864,2.2335740095646486,0.5780465200520746
21,30,1.20584669931194,0.9115981491135076,0.440515742057895
22,30,1.499773218527832,1.0769279376129917,0.48131135829174143
23,30,0.4871960813218259,0.3896598342497542,0.36336081644924867
24,30,1.515018956535835,1.6105654867169703,1.4647228705230866
1,31,1.0033050586803955,0.947825564741805,0.36857904079514664
2,31,5.242317248316975,4.534754338072548,3.643693973527841
3,31,1.7091167030405598,1.7817098068089503,1.520787863524672
4,31,1.7807188937472294,1.8591309444723454,1.6503579941659243
5,31,1.9021939063502036,1.5145625724634453,1.1910307041222776
6,31,4.483995050017028,3.897496827166093,1.187241205481625
7,31,1.7200983043956506,1.359538774706423,0.7483034184916815
8,31,2.049015795537549,2.210571785028524,2.1544596153566045
9,31,1.0916973363191247,1.7320572762278008,2.075238810872636
10,31,5.937782466452418,4.735551881537873,3.6258601632830953
11,31,1.5804900150040482,2.0966393308665383,1.5479222232590506
12,31,6.517997554957139,6.5340162063537335,5.787890228585477
13,31,2.475390483840523,2.4824902623191667,2.226106511029611
14,31,0.5957420560971316,0.6562012161406404,0.29757479064345865
15,31,1.8021517490726957,1.8065671363737297,1.5428682004960175
16,31,0.8233534316598949,0.8216838545609589,0.6882548929744875
17,31,0.868828403358278,0.8358063610326723,0.48041460994582347
18,31,1.4321057043569907,1.3554306021983584,0.9304491265070267
19,31,0.25857544048261294,0.5680954256849416,0.5576152971759154
20,31,0.5751126924796413,2.183267029204191,0.5984602265074226
21,31,1.0809297314077233,1.007183614365329,0.42359440384958924
22,31,1.5830410450955865,1.2695843340857846,0.5059882581890165
23,31,0.5176676839955049,0.3949415269550912,0.3521975254761736
24,31,1.5035453682605704,1.619693313342319,1.4650269438976873
1,32,1.080092270317954,0.959090556281946,0.39065669260999886
2,32,3.878041442810171,3.22201864441344,3.5954160675341753
3,32,1.5576334373114615,1.7076660969704167,1.5149328921149332
4,32,1.621669350445114,1.6854774422117345,1.6461030253918936
5,32,1.9000563942750728,1.494142472633171,1.1686764747636706
6,32,4.559258415880143,3.4146587114152513,1.3370290589720433
7,32,1.7343004115247254,1.4101621751049533,0.8006481943086778
8,32,3.32292448980442,3.195896977592452,2.0669051868257355
9,32,1.0968974251397259,1.7524225967095681,2.1563018630509165
10,32,6.079693684768462,4.831043397797577,3.5231312190377104
11,32,1.6598842047455136,1.9603300426442791,1.5463472533594602
12,32,5.969320683394717,6.254606406318693,5.783253917593059
13,32,2.532387196755026,2.4947444195685846,2.16847048468906
14,32,0.9446422902097014,0.7265659011429884,0.31647811231977474
15,32,1.8558612798307281,1.8598479683077604,1.52662055093639
16,32,0.9173394753350516,0.8149729237111187,0.6600450792427296
17,32,0.6812169557392784,0.6968302600550453,0.4757352073839134
18,32,1.2832609129879329,1.243928162394641,0.9251881473387782
19,32,0.25678280642031703,0.6005216415638375,0.5241772189918706
20,32,0.8619340791076282,2.5566877121550866,0.594637863433868
21,32,1.1482682665241408,1.0258629601801093,0.42677973134967057
22,32,1.5871892422226392,1.2528131023937876,0.5078362074668736
23,32,0.5037122085985797,0.406489800683886,0.36543701953859165
24,32,1.4987554050600373,1.614927699752859,1.4590043410675497
1,33,1.0930242497699938,0.980238386948255,0.387349990941515
2,33,4.803165387402217,3.906216905159614,3.712647512193319
3,33,1.426729711551165,1.664217297223988,1.5235216142464438
4,33,1.4805432104897407,1.5550921042576127,1.649237851254674
5,33,1.8999854360973785,1.5256619450755622,1.1594669465864813
6,33,1.8393953768646576,1.791335130516769,1.1540155529139238
7,33,1.5010518725654989,1.3882837521321,0.7632363361241494
8,33,2.700097709582708,2.866705997888726,2.118056819980932
9,33,1.107722549497094,1.7556240999639772,2.0572755131385088
10,33,5.3286684233190655,4.8279153833746316,3.73661741838856
11,33,1.3709530769437819,1.9648005942528777,1.4686719265345807
12,33,7.236671089397615,6.837980504615463,5.8073165535388105
13,33,2.81483152969792,2.6640808209943305,2.1958474018183294
14,33,0.5904567397014941,0.6303736896383673,0.2850882777895273
15,33,2.0169658996345867,1.8977295321815137,1.5174707595861208
16,33,1.1649193292802265,0.8714554832434576,0.6518962451459743
17,33,0.5995563463722691,0.6728479313358705,0.49815316418425193
18,33,0.9833403359815482,1.0866328314150264,0.9375027026135492
19,33,0.25251024927539006,0.5804975632630095,0.5487544882117332
20,33,0.7174344872328535,2.2389800414060663,0.5932411194700378
21,33,1.377623767874451,0.9045791677116048,0.4389957859621265
22,33,0.775874612351835,0.9073588700512736,0.5674086081666765
23,33,0.5018358587429508,0.4228963271850579,0.36668934761043764
24,33,1.492172766782974,1.5886455487217914,1.4287220081627399
1,34,0.878665851361363,0.8210002125198489,0.38967024053507493
2,34,5.995658029494678,4.984432741512175,3.5828991264972587
3,34,2.1759206330668768,1.9691773099439989,1.517970237776718
4,34,2.1105847538376747,2.042444324408771,1.6398668761674873
5,34,1.9049695606307522,1.539708277556826,1.166581002746834
6,34,3.216126386279521,1.9274144815402356,1.2169799167994686
7,34,1.9328346020448195,1.5531813754160968,0.8162756276385295
8,34,2.2101103032088214,2.7170399404026884,2.1281777632546555
9,34,1.1152955346053446,1.8428001902497426,2.1667738404684904
10,34,3.755726667209831,4.275131532911615,3.5887295678541817
11,34,1.4145228886322287,1.9303532067119853,1.3929616241133247
12,34,6.87323272552526,6.6379700602825364,5.702187668502813
13,34,2.620741244774071,2.591554092262906,2.167145828417634
14,34,0.6872983907001092,0.6404135224298533,0.3074875536638573
15,34,1.870390771488612,1.8361019569824815,1.5600473124887455
16,34,1.1275866851108405,0.7574323617622061,0.673207702261534
17,34,0.4144756829052817,0.5797329683195268,0.48312247726923135
18,34,0.8477488233145469,1.0353060451623861,0.9108114099054568
19,34,0.2292282246875834,0.5660065644637053,0.5407181804486393
20,34,0.5843352045186567,2.3410752233721794,0.5955444953687721
21,34,1.3398898192787894,1.0305783043793515,0.4336001347822478
22,34,1.4411339848333182,1.2400481222989421,0.5785048866103473
23,34,0.5317415921082469,0.40431704261769347,0.3570438129000919
24,34,1.5070901408062995,1.6318347193457587,1.4651243006602281
1,35,0.9302792662281973,0.9112164191182394,0.40538513692023037
2,35,5.925261474209298,4.824078152525665,3.6214776496484404
3,35,1.5572759326069125,1.7075496983963865,1.5190873588390497
4,35,1.6384034304921444,1.6369175090630246,1.6510804568769137
5,35,1.9008723498129354,1.5210407137497692,1.1941457122986736
6,35,1.3749818458504788,1.7498357611228255,1.1744281960009169
7,35,2.499761923026293,1.6434813598752425,0.8138711918310277
8,35,2.7388827154928332,2.9298879937393334,2.0920535892494287
9,35,1.1775189893248188,1.6593699718409274,2.085610825210173
10,35,4.7882401069704095,4.542254268135583,3.658340866582503
11,35,1.0577841997427222,1.9573684888458556,1.435556457775849
12,35,6.290729098005635,6.395879799772338,5.839383619188768
13,35,2.8645302420149816,2.6516837440781225,2.1920714058048
14,35,0.6844796694060253,0.670489844366806,0.31021739418317823
15,35,1.7456310141115083,1.8373160056121076,1.5490832802013528
16,35,1.1750089825468026,0.8598952436370786,0.6963592272874698
17,35,0.49146223251151633,0.5561096771492169,0.4860982579389317
18,35,0.9245460186179725,1.0492805208851903,0.9167827084035545
19,35,0.24688246749347326,0.5371575558012744,0.5711641729791449
20,35,0.5993382919809906,2.433153880177836,0.5892012914777325
21,35,1.1777605994179325,0.9038425019238812,0.4739979391250857
22,35,1.4004140049037024,1.1586046320504688,0.49924221320359635
23,35,0.5292811253999242,0.3839825358167095,0.3505825477827177
24,35,1.5234489742710893,1.6203866019873534,1.46595157964755
1,36,0.9311051076544988,0.8357688247168117,0.40654368149622
2,36,4.87103884205472,3.7798169630968563,3.6870705777835138
3,36,2.111408304499376,1.908234971831508,1.5388952269716114
4,36,2.0218291125143555,1.9475540164727452,1.6359241917419385
5,36,1.8997235791029323,1.5273674246195394,1.1677983590909122
6,36,4.471220026201308,2.115684134696996,1.1680054244717257
7,36,1.185249726326153,1.2829353240723884,0.771613817177274
8,36,3.5821697519044498,3.233040266361049,2.1042843097171193
9,36,1.1591428506867136,1.6654742034318863,2.16212611826208
10,36,5.332336366258955,4.764518709896484,3.699680798604921
11,36,1.3911102744027317,1.9711070611895452,1.508380030350471
12,36,6.663626140588767,6.5521423491560045,5.762814242980994
13,36,2.22629555442033,2.364061719475283,2.1865737679186634
14,36,0.7071130080852269,0.6474827262282417,0.2852891694293338
15,36,1.7888998069910327,1.8438567271776518,1.5305494998420215
16,36,1.1926727230979344,0.8215874850422666,0.629502346628682
17,36,0.9037791591619985,0.8489544999105636,0.4650340912158437
18,36,1.4634270458491987,1.391082165591136,0.9334184410439653
19,36,0.23977977082859603,0.5932702416800206,0.5311790469069199
20,36,0.5783276574363055,1.9760184006239478,0.5945882519870032
21,36,0.3560895464649763,0.8542536200985045,0.42670433055888657
22,36,1.3394400319543178,1.2589917941585347,0.5161889481015829
23,36,0.5536074345361446,0.40828899832487014,0.3495166661247242
24,36,1.5196550680891663,1.6018992218577344,1.4555733687015733
1,37,1.1282781606598296,1.0197436999273606,0.4137983668793366
2,37,6.1815984020994446,4.671749505139071,3.577280407976033
3,37,1.963285886749633,1.8508036611838845,1.5191607755207042
4,37,1.9111384927955952,1.8646753616712146,1.6435060256530634
5,37,1.9066090444680737,1.5612483214547554,1.1650629826410595
6,37,4.631730816007596,4.1982236757800795,1.3418782782634042
7,37,1.8778272500346196,1.543438590336062,0.7979686218460296
8,37,1.9334862621249151,2.6451674973780506,2.0620537741651295
9,37,1.1304927914139449,1.9492201754379201,2.145698722875914
10,37,3.0308348324330523,4.059258409196287,3.4867259811669564
11,37,1.3437637411640544,1.9419209998005356,1.47121405015805
12,37,7.05680273205341,6.843315949517062,5.730040564553359
13,37,2.4264695190314782,2.4426933127924246,2.1887510223076077
14,37,0.7311522447095744,0.6713347956274488,0.2901534512393016
15,37,1.6983472796628258,1.8118196072312376,1.5210319698570776
16,37,1.061777005692031,0.8553705243804834,0.68903253174361
17,37,0.6376456016839626,0.6946968400409849,0.49354980718155395
18,37,1.217987111708198,1.1871689516673256,0.8976922526209723
19,37,0.23099917422383812,0.6317418478404117,0.5396976093095183
20,37,0.7629413555020537,2.227928365514575,0.6019489634590077
21,37,1.2720478985273977,1.0075844469877464,0.40391220550962237
22,37,1.5421787027751093,1.182609972711505,0.5226717623416388
23,37,0.4935311808028595,0.40673614507966926,0.3687841241908152
24,37,1.4931047471489511,1.6452495607998738,1.4449937075187864
1,38,0.8324890318793149,0.8263249964627604,0.39850376002435434
2,38,5.1187806649511485,4.023738493105462,3.6073187758207412
3,38,1.3928346891892265,1.5366913133712967,1.5113764142451607
4,38,1.3594388183365047,1.4059203203346107,1.6562672593474252
5,38,1.9031288739028374,1.5497356989208828,1.1673464915621001
6,38,4.170724054847302,3.6907439051485773,1.281762385136429
7,38,1.4480414616102786,1.3887295938805502,0.7803206924282069
8,38,3.3214149300245555,3.0639144416664554,2.168831633740139
9,38,1.1578200005287496,1.8577369305338285,2.068829056981058
10,38,6.713732543294597,5.076442578573122,3.7432107509392702
11,38,3.71469360769134,2.5439752315896813,1.5211582129278454
12,38,6.636639250467386,6.651271006287485,5.818496487139124
13,38,2.6775954262461785,2.6328375201624974,2.222296059021157
14,38,0.6735267235055635,0.6114039320044834,0.30808919785560934
15,38,1.9845682091283905,1.910647712878415,1.4908605501566878
16,38,1.2258892161580988,0.8002621536077164,0.6848559039713953
17,38,1.0008986782736946,0.8891840297771418,0.5121890128091386
18,38,1.58957268363907,1.4552361885131981,0.9542881278743285
19,38,0.2596853057954083,0.6478446115732032,0.5065601916215731
20,38,0.6096150723116581,2.5284594571678833,0.6078011860070518
21,38,0.41374037305428524,0.8536877940086915,0.44886795190110174
22,38,0.9781241939664362,1.065102997224171,0.519864030025158
23,38,0.5118082422474394,0.39471810693528203,0.35691493906022664
24,38,1.515024526386893,1.6322137863077817,1.4619556432898295
1,39,1.0405451352314745,0.9538519299540726,0.38789337539104446
2,39,5.778687047271958,4.598833293148547,3.6570413352872326
3,39,1.3222498565832341,1.4299979801849407,1.5135834161891282
4,39,1.3905698375357878,1.4663428466821116,1.637109087839736
5,39,1.9019019713089411,1.534407881822946,1.1763921655633593
6,39,4.094271646989475,3.116974348894728,1.1811686542668844
7,39,1.7470291020207998,1.5874782374688043,0.7641641994344499
8,39,4.050925121918381,3.423875034922723,2.1076973952451614
9,39,1.1531002347502908,1.5130693409554152,2.1275749496836456
10,39,5.680818458615794,4.798665235510371,3.6658246883350305
11,39,7.134309264006578,5.350589005130083,1.9836452766354584
12,39,7.0927918629130415,6.782516260100655,5.845266922474113
13,39,2.8249591105386593,2.6228681061446504,2.18804829545414
14,39,0.6747805698606799,0.5984137220752976,0.28307473957411156
15,39,1.7023786637418143,1.8103264952925382,1.5234337702347422
16,39,1.122917845029351,0.8538916445517692,0.6808158812447773
17,39,0.46399175883706867,0.5754632229402281,0.47571856579236216
18,39,1.036458435565627,1.13101360680982,0.9134633556217199
19,39,0.2500616616916895,0.5866705168610264,0.5213476566841299
20,39,0.6294976685801457,2.3026060354798297,0.5887037055521605
21,39,1.3446121544615897,1.010017486684309,0.43858056305451343
22,39,1.5876399975691744,1.1761023242573811,0.47103862648739514
23,39,0.5057051193791189,0.3840545752282507,0.3474762264330687
24,39,1.5162841951413497,1.622118282824856,1.4738931038212995
1,40,1.4449661022565106,1.1132951790327665,0.4070846012138497
2,40,3.0094827349108093,2.4204423597696687,3.6150970522110106
3,40,1.993972788632478,1.8263513592549139,1.540191438196277
4,40,1.9947526905845092,1.9614479907241236,1.6313619335599603
5,40,1.9008673782325505,1.5063031487838845,1.1817570197054945
6,40,3.4958931809150733,1.8717229272036315,1.1962375647057608
7,40,1.7752260566638838,1.44828786298248,0.7844961755945281
8,40,2.787375086921359,2.9723805562860885,2.103014685083602
9,40,1.0564404407430763,1.5675244918303701,2.0971399008386973
10,40,5.267879414718629,4.614602909295884,3.5669837161211637
11,40,1.542989039121349,2.036955196619729,1.5579217690296585
12,40,6.097284265531423,6.318763126777981,5.843532110438213
13,40,2.6453337952216676,2.5898358482575405,2.1950846414517393
14,40,0.5326502657341452,0.5082907387301592,0.30522070286179165
15,40,1.6247726359616823,1.7725134553154267,1.526606038697901
16,40,0.916588458925539,0.8713972723899902,0.6432058782530915
17,40,0.8042024186549718,0.7832504724299426,0.4535721053094823
18,40,1.2631334916407906,1.2992518086177474,0.8856305381623
19,40,0.22020230754765174,0.623183076866087,0.5338924239704984
20,40,0.5857914918145276,2.15580073105513,0.6029408959249045
21,40,0.9111044777238227,0.9840233877517217,0.46490980329231785
22,40,1.3951799304065844,1.2432175610197116,0.5118502074750982
23,40,0.5337008781511479,0.4023926140167363,0.37356529800353944
24,40,1.5119295883461072,1.6095798777379697,1.469363142250034
2,41,3.7114879496489457,2.933454704003299,3.663887582009359
3,41,1.7727693465798895,1.8225714340656387,1.512876209862776
4,41,1.8464081119766722,1.8539500935113953,1.6108905332909318
5,41,1.8987450206438057,1.5502332183378797,1.1911060666988205
6,41,4.270842395991034,3.0610021839608197,1.1921391057336166
7,41,1.0705926780706634,1.2972196933328721,0.770545850600912
8,41,2.667440907096664,3.0487181822134066,2.1246621196327564
9,41,1.1386137855954643,1.4677772320730573,2.078846035905776
10,41,5.801311541603829,4.853429158831924,3.5202820450676775
11,41,7.021385584442285,5.271587281327712,1.9449768158779972
12,41,6.392596810080225,6.514722998433985,5.838200210344505
13,41,2.744912613130402,2.6141184921855722,2.1786769942965196
14,41,0.8838466361539845,0.7486559140167732,0.27616141243804015
15,41,1.8260725837718759,1.7896399144770339,1.5346584214499492
16,41,1.218971681867314,0.8447024093651327,0.6647662531020864
17,41,0.7321577948535093,0.7508534729143801,0.47573485161424356
18,41,1.3242081429652153,1.3012322755796102,0.9245589841127246
19,41,0.2694055967543876,0.6432952417177653,0.5556501084786688
20,41,0.5702476232862672,2.330860448177505,0.5964799710201425
21,41,0.8791043249014459,0.9290141137141347,0.4202576321927153
22,41,1.3883588835568277,1.3192019517314726,0.5064450509375942
23,41,0.5263175003943761,0.42023017456516737,0.36096325589763434
24,41,1.5240531664222234,1.6178934009324337,1.4462717646708352
1,42,1.2055819103213683,1.0034319915406098,0.3951965210850227
2,42,6.369091918597139,5.042084151465783,3.690197009145959
3,42,1.9229569179352604,1.865945829522008,1.5166295565531418
4,42,1.9168651352898476,1.9555809177464363,1.6209756638996453
5,42,1.9052245581828386,1.5519946564842892,1.166199645845138
6,42,1.7461016867057417,1.6501402976230022,1.2045534103566728
7,42,1.0858574500483462,1.2443580968148273,0.7967978159289709
8,42,3.200479952004484,3.2632447199233754,2.0604265699187017
9,42,1.1042406934835376,1.6670839090794336,2.032883782394633
10,42,6.496737785203855,5.104106077047954,3.9220445162713897
11,42,0.9677058836709695,2.415553693906124,1.3926738831589518
12,42,7.079807597427352,6.781407809718319,5.870675534466683
13,42,2.605325141848351,2.532447864909469,2.170859488766045
14,42,0.5510495417548831,0.538145378176734,0.30441964215738754
15,42,1.8307493554012877,1.867870514016819,1.53045514082957
16,42,1.2879964452028023,0.8109947171841525,0.6687065776916788
17,42,0.8277827498661744,0.7932834826132682,0.4816595729426639
18,42,1.2312651310397342,1.2428421588058687,0.9265588034491313
19,42,0.2411790673555967,0.567786138850483,0.5371347352825088
20,42,0.580574204046526,2.3507367544649447,0.5922677611264361
21,42,1.248540773510919,0.9879330964485777,0.40529955172209986
22,42,1.0071026371915663,1.0813020642977207,0.5856857623716691
23,42,0.5265383163452588,0.39850331666732425,0.36387429687723255
24,42,1.5144597922588616,1.6280597089935012,1.4634485216216389
1,43,1.3888968203273033,1.1024641876116725,0.37892272684026634
2,43,5.579134593899946,4.5760749473104045,3.684779507543206
3,43,2.186966875602389,1.8758773974544467,1.5204522896288906
4,43,2.062310308919894,1.952280042977478,1.6438753609631076
5,43,1.895491965033081,1.5100407944399656,1.1629525223641877
6,43,4.967246023390814,4.219107250420209,1.2419192011198528
7,43,1.7468859001431545,1.4699025425031926,0.7827543435022277
8,43,2.2409155712616684,2.72658297628797,2.077730790827083
9,43,1.136608971954355,2.0222199914039556,2.0939089768486463
10,43,6.0099887864130235,4.890854443321317,3.9080200108020025
11,43,6.09593100707706,3.657103462715168,1.573300835381388
12,43,7.17038723286626,6.780499705227092,5.834111370777741
13,43,2.597623407853162,2.5307231487181094,2.190918872543561
14,43,0.6133487036821731,0.629356226824903,0.2928178339874814
15,43,1.8270664052675518,1.8193843610201998,1.554595152078466
16,43,1.20470370878985,0.8131319237194132,0.6929115027589023
17,43,0.6850610509286396,0.7572119245026812,0.48833378647015835
18,43,1.256205216875447,1.2781369439566599,0.9368666510567404
19,43,0.23157675931717436,0.5908243780719156,0.5238734226479436
20,43,0.5694996387844584,2.371405446206925,0.5792977817429255
21,43,0.9038123938926876,0.986318551849061,0.41077677289123765
22,43,1.1422653574657016,1.1529402407192106,0.5113176393425863
23,43,0.48399706503913914,0.3904016375754302,0.3806668308297185
24,43,1.51303753352523,1.5945983528208192,1.469476035764594
1,44,1.136118606041523,0.9379409919633802,0.43560925009149243
2,44,4.566413552151848,3.4095440002205297,3.6400771814933655
3,44,2.131635964800576,1.8855848871780856,1.5293573039640678
4,44,2.037843835862163,2.0213446031442843,1.6369311775303335
5,44,1.9025514111328552,1.5524574974092393,1.1926401703909533
6,44,3.0653222158627718,2.4577109219607176,1.1543126167313311
7,44,1.3395764970182198,1.3210305507930136,0.7951774912882323
8,44,3.061792003849069,3.014631312886379,2.137906519240471
9,44,1.0484015000097342,1.908379330157349,2.0962122082031205
10,44,6.828731312735366,5.26984337900185,3.7132166900921013
11,44,5.9914336045826015,3.8463076302692834,1.4550838219197653
12,44,6.898974654915179,6.661650265376665,5.682258263124129
13,44,2.734086204005335,2.5643380951948664,2.161578236490474
14,44,0.8690139963051984,0.6918591941175533,0.3041695536885209
15,44,1.7499413207742398,1.8165307289109305,1.52482017786247
16,44,1.1678399624652391,0.8466385224680242,0.6345565883994896
17,44,0.800015010648085,0.7812980326004719,0.47395118306024714
18,44,1.3717009323324414,1.3297131295486093,0.8985616436579968
19,44,0.22080484263457514,0.641107241825374,0.536207619560299
20,44,0.6047429900841452,2.160653509329173,0.5851506573158662
21,44,1.1981435508620535,0.6950684732117423,0.43544724428307013
22,44,1.3080430577131381,1.1449881440166723,0.4864569345137968
23,44,0.5196691444357637,0.42546697167816244,0.372432934520539
24,44,1.5183597747551791,1.6102453786938808,1.4525186641461747
2,45,4.406979221014433,3.934746199956108,3.532881538698664
3,45,2.0306298381800554,1.868965482645233,1.4988030616036425
4,45,1.9731112677961513,1.9585748740353655,1.6652897959826987
5,45,1.9086192891328246,1.5204901873932455,1.1643666101563666
6,45,4.408457056719582,2.0208664647687207,1.115674572780631
7,45,0.6608852479302004,1.1275492856416032,0.7778212512759752
8,45,2.4222139869417965,2.846174919985329,2.100890033943895
9,45,1.132693193793076,1.6839020939370566,2.111958554243272
10,45,4.561363346032233,4.554220286331675,3.6049279290440674
11,45,1.8454213243310462,2.5422237156074488,1.5854921639497586
12,45,7.265664502814587,6.903489038815999,5.8837725396576275
13,45,2.7728538676220587,2.640853875173585,2.2092760209963833
14,45,0.23513604380688286,0.40648716401246454,0.3036031751019904
15,45,1.7361465987094613,1.8202890924123618,1.5072040479977318
16,45,1.2087055284197423,0.8169406392712442,0.660557372158872
17,45,1.0430970056854716,0.8975910111992178,0.4777840571926376
18,45,1.6643617288973096,1.4604018707885942,0.9384021921754873
19,45,0.2721283006201669,0.6215959591923966,0.5406881632842171
20,45,0.5561772225241955,2.191288623301578,0.5947038877353255
21,45,0.8713285372293291,0.9780713344229685,0.4560567373754351
22,45,0.9226579898335004,1.1002280529912212,0.555628510263674
23,45,0.5251113886625375,0.3909887534978977,0.3681597203901512
24,45,1.5039903584297465,1.6204593724301461,1.470478986399437
1,46,1.0808974587687368,0.9218182683380084,0.3864122649069949
2,46,6.041032036373052,4.7609968938468885,3.6170292629190137
3,46,1.99814236061778,1.9250822958948932,1.5412157773336383
4,46,1.9953720967287414,1.9609380968315087,1.6657524558967498
5,46,1.9090731981996705,1.5381923549574572,1.1732569259020171
6,46,4.264368032870648,3.8747339914995322,1.2150908900160626
7,46,1.5476744384764076,1.3696201928703935,0.7919248087659455
8,46,2.573649717444717,2.7966888542774813,2.0637350630551845
9,46,1.1164448937556393,1.674062419659833,2.1305083490665733
10,46,5.005192435727424,4.6268058630002225,3.6121313817336174
11,46,6.723194204254607,4.301769905271172,1.6119258553669953
12,46,5.571548061121421,5.825906756261332,5.756446602812883
13,46,2.9522374773172966,2.6432836780856266,2.18525763927415
14,46,1.1162854124460886,0.7140267299167787,0.29073828169367094
15,46,1.5597669279069886,1.7359945814899835,1.5255796865876272
16,46,1.0700655922249227,0.7927233234001007,0.6630373705386257
17,46,0.8541787855228091,0.8208850535116499,0.47789574699287396
18,46,1.36818886938542,1.341305790794876,0.9456382028322404
19,46,0.24255736355407537,0.6140661026184784,0.5471666549306293
20,46,0.5870851731189004,1.886181584211028,0.6065387301870752
21,46,0.829716102694124,0.8791275491434116,0.4403884215695374
22,46,0.9658254479147834,1.1485241292427246,0.47513802390432813
23,46,0.5353999743249578,0.3763997797122043,0.37073612621109386
24,46,1.5154194771988343,1.64197147190533,1.4494738921901607
1,47,1.065738366727883,0.997545193862241,0.35650439245398763
2,47,4.0265516805311234,3.6149043621831343,3.544695061954304
3,47,2.197753399080738,1.8847179916286843,1.520932753653005
4,47,2.1102993886206223,1.998098224034452,1.6567932089514652
5,47,1.9007139114621567,1.5362556275522468,1.1726414570175985
6,47,4.616645532793958,3.225809834529024,1.2085550909667622
7,47,1.5591716750739073,1.4204341671265188,0.7586332260688189
8,47,2.9962686421011555,2.938511997800237,2.1525373111565833
9,47,1.1810094052839124,2.0562381890224746,2.0659102536080165
10,47,6.4248132047002136,4.928506701348607,3.6275029319783005
11,47,1.2044548989884842,1.9102484691535302,1.4462160662510275
12,47,7.1450724544531505,6.772617104808731,5.729541620814239
13,47,2.666094790026844,2.5752850020747737,2.1868569948288945
14,47,0.4389352850495662,0.4481609562004306,0.32737856122365244
15,47,1.8087832667539638,1.858365845067064,1.5318280429378373
16,47,0.6708767673397876,0.7801252784033047,0.679526716578382
17,47,0.7649598111184612,0.7319942270106411,0.4707259088422278
18,47,1.3289144309063632,1.1979055440071544,0.8737250785367795
19,47,0.2634100861210091,0.5507743586048185,0.5172834159877701
20,47,0.6056992795935359,1.9791070275746367,0.6029608090875727
21,47,0.9908347933441758,0.9799440923955937,0.4357431882462246
22,47,1.1427629003829478,1.1245148334874215,0.5189644398402736
23,47,0.5399524696857682,0.41757880375063877,0.35042390013001196
24,47,1.5077011853986702,1.614091723032383,1.4590920137683183
1,48,0.8229192239628711,0.8576499955375392,0.4109639552727806
2,48,4.448669854585457,3.7101773209250837,3.57903321352657
3,48,1.7691275701395581,1.8312612574291782,1.5339688890514223
4,48,1.7130574917943908,1.8199028500420522,1.622467741178482
5,48,1.8942640544647487,1.5486510253783732,1.1514059782467427
6,48,4.146090646183,3.043013467502705,1.225581477042892
7,48,1.600501858679202,1.4622165948368853,0.7781774926616027
8,48,3.176167656711539,3.0243496557160805,2.0959501594154997
9,48,1.1388832374836702,1.682342020928755,2.12702076034324
10,48,5.765359856539693,4.800063849855528,3.642523128615972
11,48,1.1596810020040929,2.2430400513825703,1.4030637607819705
12,48,6.784888595932177,6.6544896396506985,5.840947058707693
13,48,3.0814903058937535,2.7164809213452052,2.212237650895046
14,48,1.1639608244101183,0.8311703806153297,0.3012391237842555
15,48,1.649399152654587,1.7750167926381097,1.5432949098482638
16,48,1.0438705224355025,0.8366735932720368,0.6470420196677866
17,48,0.8356413421796978,0.834694627266749,0.49434772604980765
18,48,1.327273634886725,1.3283076275394927,0.950195168985077
19,48,0.25386470221571844,0.5599926360845855,0.5461075568632324
20,48,0.568885443164964,2.246860492425891,0.5951307299019657
21,48,1.1451443646886457,1.0233519176142005,0.4129289342133309
22,48,0.3423354519245575,0.8099049792709448,0.4793079933930049
23,48,0.5143659626021506,0.41180978935458523,0.37347052481225057
24,48,1.524239882881872,1.6528465427184456,1.4654324939146735
1,49,1.2645754849062287,1.0240155758102103,0.40993415704015596
2,49,5.221906487238336,4.280513476049566,3.592953025330969
3,49,1.5820784243045276,1.6893803935633587,1.5265462894570563
4,49,1.5972538667170086,1.663536299457657,1.666751500765769
5,49,1.9056438318734306,1.5281192921777838,1.1875722869242753
6,49,2.8279892960126958,2.333649383365058,1.135742737705458
7,49,0.9913808901381624,1.084876389017058,0.7955132908557657
8,49,3.0424663664871905,2.9312373869406114,2.1442681045522987
9,49,1.1065704244899903,1.925437992072144,2.083507584396262
10,49,5.551701115502766,4.773122727738022,3.5852540490047673
11,49,5.057627828424424,2.869038636886008,1.556221906621137
12,49,6.988667992588284,6.641351985024951,5.747214010629526
13,49,2.5405461398070655,2.5245173517992945,2.207217367321215
14,49,0.6345586921006067,0.6059035119867727,0.291805105615189
15,49,1.7594775937423583,1.8431632647896512,1.5043354573381027
16,49,1.278068002766569,0.765439495232501,0.6779825563647548
17,49,0.7547098107119686,0.759158356884639,0.4923979188630598
18,49,1.289578374825934,1.309968887245074,0.9025665987116203
19,49,0.23771462052958253,0.579533641750519,0.530261353652734
20,49,0.5862609784770625,2.191551101386796,0.6081199961277226
21,49,1.2029792947987896,0.9682521977719087,0.4388585323842692
22,49,1.4332668213550164,1.2510003668736287,0.4935406871946916
23,49,0.5001920075390149,0.4176926396277279,0.370179076115387
24,49,1.5153066448124668,1.6302516846804762,1.4660733895286004
1,50,1.1514857512739773,0.9521944146808977,0.40777909655553635
2,50,4.925069720543778,4.05318288552674,3.5324459669671153
3,50,1.9718884461643016,1.8995970800965765,1.5205426790591763
4,50,1.9315519172440294,1.948323831188588,1.624279276526045
5,50,1.9087998379976527,1.5226739802302365,1.1687879353404473
6,50,1.2252246367158817,1.7067235220666463,1.196994082541229
7,50,1.558499496639735,1.4161858473583135,0.7749009945357477
8,50,3.5978893418456863,3.2793118632452503,2.129052617400423
9,50,1.1652982393188125,1.8337675593331826,2.0014585656941994
10,50,6.705750107720254,5.3853375447137255,3.9973470089549896
11,50,2.5401408754384867,2.2462977608171686,1.4871588478689812
12,50,7.118720255181503,6.76891625933848,5.791975155468514
13,50,2.4799010064624905,2.5501899698735486,2.1902319983489056
14,50,0.5187914403380448,0.5688653069577616,0.3050063267876125
15,50,1.6858354653520145,1.7803957950743847,1.5608865192686208
16,50,1.100249988888563,0.8294082335439962,0.6853491614288088
17,50,1.0366984906130339,0.8774971421311248,0.4917774605972242
18,50,1.4788310494373609,1.4433278525102862,0.9539503321724632
19,50,0.23256005920723855,0.6677283551158384,0.5023509972559475
20,50,0.5636907792605113,2.4111577663303847,0.5917129189603221
21,50,1.4071518743261353,1.0482425457086872,0.47745664595428944
22,50,1.0041622117576552,1.117841876745765,0.5279616810574546
23,50,0.49060082693289164,0.4180152952935957,0.3615764672546191
24,50,1.5137379059129137,1.5977442591646356,1.455369329899838
